Adj Close,action,Stop_loss
30.16202735900879,buy,27.14582462310791
29.24004364013672,sell,26.316039276123046
30.268911361694336,buy,27.242020225524904
30.455568313598633,sell,27.41001148223877
30.602420806884766,buy,27.54217872619629
28.850378036499023,sell,25.965340232849123
29.73755645751953,buy,26.763800811767577
27.531972885131836,sell,24.778775596618654
30.27837562561035,buy,27.250538063049316
