Adj Close,action,Stop_loss
30.16202735900879,buy,27.14582462310791
30.16202735900879,sell,27.14582462310791
30.501062393188477,buy,27.45095615386963
30.500608444213867,sell,27.450547599792483
30.053586959838867,buy,27.04822826385498
30.028709411621094,sell,27.025838470458986
30.067659378051758,buy,27.060893440246584
27.801633834838867,sell,25.021470451354983
30.70274543762207,buy,27.632470893859864
27.997791290283203,sell,25.198012161254884
30.27837562561035,buy,27.250538063049316
