Adj Close,action,Stop_loss
30.16203498840332,buy,27.14583148956299
30.16203498840332,sell,27.14583148956299
29.50995635986328,buy,26.558960723876954
30.509613037109375,sell,27.458651733398437
30.402830123901367,buy,27.36254711151123
29.374080657958984,sell,26.436672592163088
29.16315460205078,buy,26.246839141845705
27.52552032470703,sell,24.772968292236328
29.689294815063477,buy,26.72036533355713
27.997793197631836,sell,25.198013877868654
30.27837562561035,buy,27.250538063049316
