Adj Close,action,Stop_loss
11.542889595031738,buy,10.388600635528565
11.244513511657715,sell,10.120062160491944
8.989289283752441,buy,8.090360355377198
8.896398544311523,sell,8.006758689880371
9.574219703674316,buy,8.616797733306885
8.68237590789795,sell,7.814138317108155
10.056354522705078,buy,9.050719070434571
8.984457015991211,sell,8.08601131439209
9.705552101135254,buy,8.734996891021728
