Adj Close,action,Stop_loss
11.542889595031738,buy,10.388600635528565
11.244514465332031,sell,10.12006301879883
8.954174041748047,buy,8.058756637573243
8.896398544311523,sell,8.006758689880371
9.574219703674316,buy,8.616797733306885
8.71160888671875,sell,7.8404479980468755
10.056354522705078,buy,9.050719070434571
