Adj Close,action,Stop_loss
11.542889595031738,buy,10.388600635528565
11.244513511657715,sell,10.120062160491944
9.419439315795898,buy,8.47749538421631
8.783429145812988,sell,7.90508623123169
9.866059303283691,buy,8.879453372955323
8.429018020629883,sell,7.586116218566895
10.056354522705078,buy,9.050719070434571
