Adj Close,action,Stop_loss
11.542890548706055,buy,10.38860149383545
11.244514465332031,sell,10.12006301879883
9.191197395324707,buy,8.272077655792236
9.047025680541992,sell,8.142323112487793
9.08468246459961,buy,8.176214218139648
8.477740287780762,sell,7.6299662590026855
10.056354522705078,buy,9.050719070434571
8.575186729431152,sell,7.717668056488037
9.744529724121094,buy,8.770076751708984
