Adj Close,action,Stop_loss
20.86465835571289,buy,18.7781925201416
20.16604995727539,sell,18.149444961547854
19.978063583374023,buy,17.98025722503662
27.723562240600586,sell,24.951206016540528
23.31999969482422,buy,20.987999725341798
