Adj Close,action,Stop_loss
20.86465835571289,buy,18.7781925201416
20.16604995727539,sell,18.149444961547854
20.26370620727539,buy,18.237335586547854
22.559497833251953,sell,20.303548049926757
24.204254150390625,buy,21.783828735351562
28.07962417602539,sell,25.27166175842285
23.389999389648438,buy,21.050999450683594
