Adj Close,action,Stop_loss
20.86465835571289,buy,18.7781925201416
20.166051864624023,sell,18.14944667816162
19.98050308227539,buy,17.982452774047854
26.63558578491211,sell,23.9720272064209
25.139999389648438,buy,22.625999450683594
