Adj Close,action,Stop_loss
11.329999923706055,buy,10.19699993133545
10.420000076293945,sell,9.378000068664551
10.15999984741211,buy,9.1439998626709
9.279999732971191,sell,8.351999759674072
10.119999885559082,buy,9.107999897003173
10.029999732971191,sell,9.026999759674073
9.010000228881836,buy,8.109000205993652
