Adj Close,action,Stop_loss
11.329999923706055,buy,10.19699993133545
10.420000076293945,sell,9.378000068664551
9.989999771118164,buy,8.990999794006347
9.229999542236328,sell,8.306999588012696
10.229999542236328,buy,9.206999588012696
10.210000038146973,sell,9.189000034332276
9.279999732971191,buy,8.351999759674072
