Adj Close,action,Stop_loss
11.329999923706055,buy,10.19699993133545
10.420000076293945,sell,9.378000068664551
10.180000305175781,buy,9.162000274658203
9.359999656677246,sell,8.423999691009522
10.199999809265137,buy,9.179999828338623
10.09000015258789,sell,9.081000137329102
9.430000305175781,buy,8.487000274658204
