Adj Close,action,Stop_loss
11.329999923706055,buy,10.19699993133545
10.420000076293945,sell,9.378000068664551
9.989999771118164,buy,8.990999794006347
9.380000114440918,sell,8.442000102996827
10.229999542236328,buy,9.206999588012696
10.279999732971191,sell,9.251999759674073
9.199999809265137,buy,8.279999828338623
