Adj Close,action,Stop_loss
11.329999923706055,buy,10.19699993133545
10.420000076293945,sell,9.378000068664551
9.800000190734863,buy,8.820000171661377
9.140000343322754,sell,8.226000308990479
9.8100004196167,buy,8.82900037765503
9.880000114440918,sell,8.892000102996827
9.0,buy,8.1
8.720000267028809,sell,7.848000240325928
9.550000190734863,buy,8.595000171661377
