Adj Close,action,Stop_loss
8.680000305175781,buy,7.812000274658203
8.619999885559082,sell,7.757999897003174
8.75,buy,7.875
8.329999923706055,sell,7.496999931335449
9.460000038146973,buy,8.514000034332275
8.279999732971191,sell,7.451999759674073
4.21999979019165,buy,3.7979998111724855
4.059999942779541,sell,3.653999948501587
2.8399999141693115,buy,2.5559999227523806
