Adj Close,action,Stop_loss
8.680000305175781,buy,7.812000274658203
8.619999885559082,sell,7.757999897003174
8.75,buy,7.875
8.279999732971191,sell,7.451999759674073
9.460000038146973,buy,8.514000034332275
8.279999732971191,sell,7.451999759674073
4.260000228881836,buy,3.8340002059936524
4.230000019073486,sell,3.807000017166138
2.75,buy,2.475
