Adj Close,action,Stop_loss
25.18871307373047,buy,22.669841766357422
25.853261947631836,sell,23.267935752868652
26.99294662475586,buy,24.293651962280276
25.458757400512695,sell,22.912881660461426
27.598617553710938,buy,24.838755798339843
25.436555862426758,sell,22.892900276184083
26.706850051879883,buy,24.036165046691895
24.50482749938965,sell,22.054344749450685
26.989412307739258,buy,24.290471076965332
24.573030471801758,sell,22.115727424621582
27.174537658691406,buy,24.457083892822265
