Adj Close,action,Stop_loss
25.18871307373047,buy,22.669841766357422
25.669158935546875,sell,23.10224304199219
26.887744903564453,buy,24.19897041320801
25.143152236938477,sell,22.62883701324463
27.598617553710938,buy,24.838755798339843
25.436555862426758,sell,22.892900276184083
26.83173370361328,buy,24.148560333251954
25.401226043701172,sell,22.861103439331057
26.989412307739258,buy,24.290471076965332
24.573030471801758,sell,22.115727424621582
27.174537658691406,buy,24.457083892822265
