Adj Close,action,Stop_loss
25.18871307373047,buy,22.669841766357422
25.853261947631836,sell,23.267935752868652
26.88774299621582,buy,24.19896869659424
25.14315414428711,sell,22.628838729858398
27.598617553710938,buy,24.838755798339843
25.43655776977539,sell,22.892901992797853
26.83173370361328,buy,24.148560333251954
24.875080108642578,sell,22.38757209777832
26.989412307739258,buy,24.290471076965332
24.573030471801758,sell,22.115727424621582
27.174537658691406,buy,24.457083892822265
