Adj Close,action,Stop_loss
25.1887149810791,buy,22.669843482971192
25.75682830810547,sell,23.181145477294923
26.99294662475586,buy,24.293651962280276
25.765592575073242,sell,23.18903331756592
27.70025062561035,buy,24.930225563049316
26.101804733276367,sell,23.491624259948733
26.853002548217773,buy,24.167702293395998
24.875080108642578,sell,22.38757209777832
26.989412307739258,buy,24.290471076965332
24.573030471801758,sell,22.115727424621582
26.823774337768555,buy,24.1413969039917
