Adj Close,action,Stop_loss
4.895474433898926,buy,4.405926990509033
4.775086879730225,sell,4.297578191757203
5.077638149261475,buy,4.569874334335327
5.222658634185791,sell,4.700392770767212
5.845150470733643,buy,5.260635423660278
5.404590606689453,sell,4.864131546020508
5.63205623626709,buy,5.068850612640381
5.431885719299316,sell,4.888697147369385
5.76853609085083,buy,5.191682481765747
5.988595008850098,sell,5.389735507965088
6.322933197021484,buy,5.690639877319336
