Adj Close,action,Stop_loss
4.895473957061768,buy,4.405926561355591
4.775086402893066,sell,4.29757776260376
5.077638149261475,buy,4.569874334335327
5.047634124755859,sell,4.542870712280274
5.845150470733643,buy,5.260635423660278
5.413688659667969,sell,4.872319793701172
5.732141494750977,buy,5.158927345275879
