Adj Close,action,Stop_loss
18.943096160888672,buy,17.048786544799807
18.356075286865234,sell,16.52046775817871
19.862693786621094,buy,17.876424407958986
18.588836669921875,sell,16.729953002929687
19.438074111938477,buy,17.494266700744628
17.84339714050293,sell,16.059057426452636
20.891212463378906,buy,18.802091217041017
20.227033615112305,sell,18.204330253601075
16.83421516418457,buy,15.150793647766113
