Adj Close,action,Stop_loss
18.943096160888672,buy,17.048786544799807
18.356077194213867,sell,16.52046947479248
19.74002456665039,buy,17.766022109985354
18.588838577270508,sell,16.729954719543457
18.994585037231445,buy,17.095126533508303
17.730167388916016,sell,15.957150650024415
20.891212463378906,buy,18.802091217041017
20.12908363342285,sell,18.116175270080568
16.73430824279785,buy,15.060877418518066
