Adj Close,action,Stop_loss
18.943096160888672,buy,17.048786544799807
18.421302795410156,sell,16.579172515869143
19.692848205566406,buy,17.723563385009765
19.013456344604492,sell,17.112110710144044
19.145559310913086,buy,17.23100337982178
18.069860458374023,sell,16.262874412536622
19.013456344604492,buy,17.112110710144044
17.98493766784668,sell,16.186443901062013
20.504337310791016,buy,18.453903579711916
20.34457778930664,sell,18.31012001037598
16.73430824279785,buy,15.060877418518066
