Adj Close,action,Stop_loss
18.943096160888672,buy,17.048786544799807
18.812646865844727,sell,16.931382179260254
19.74002456665039,buy,17.766022109985354
18.994583129882812,sell,17.095124816894533
18.994583129882812,buy,17.095124816894533
17.84339714050293,sell,16.059057426452636
20.891212463378906,buy,18.802091217041017
20.34457778930664,sell,18.31012001037598
16.38463592529297,buy,14.746172332763672
