Adj Close,action,Stop_loss
21.189510345458984,buy,19.070559310913087
20.639999389648438,sell,18.575999450683593
17.950000762939453,buy,16.155000686645508
17.209999084472656,sell,15.488999176025391
20.079999923706055,buy,18.07199993133545
22.989999771118164,sell,20.69099979400635
16.040000915527344,buy,14.43600082397461
