Adj Close,action,Stop_loss
35.34760284423828,buy,31.812842559814452
30.450653076171875,sell,27.40558776855469
33.397193908691406,buy,30.057474517822268
31.38113784790039,sell,28.24302406311035
32.494075775146484,buy,29.244668197631835
27.586210250854492,sell,24.827589225769042
30.383991241455078,buy,27.34559211730957
39.17604064941406,sell,35.258436584472655
34.53302764892578,buy,31.079724884033205
32.84465789794922,sell,29.560192108154297
33.4728889465332,buy,30.125600051879882
