Adj Close,action,Stop_loss
31.969449996948242,buy,28.772504997253417
30.063053131103516,sell,27.056747817993166
32.420066833496094,buy,29.178060150146486
27.199058532714844,sell,24.47915267944336
31.4204158782959,buy,28.27837429046631
36.5589599609375,sell,32.90306396484375
33.7689323425293,buy,30.392039108276368
