Adj Close,action,Stop_loss
31.969453811645508,buy,28.772508430480958
30.063051223754883,sell,27.056746101379396
31.984241485595703,buy,28.785817337036132
27.9550838470459,sell,25.15957546234131
29.972253799438477,buy,26.97502841949463
38.34842300415039,sell,34.51358070373535
33.01851272583008,buy,29.71666145324707
