Adj Close,action,Stop_loss
35.34760665893555,buy,31.812845993041993
30.450653076171875,sell,27.40558776855469
33.397193908691406,buy,30.057474517822268
31.381139755249023,sell,28.24302577972412
32.49407196044922,buy,29.2446647644043
28.553186416625977,sell,25.69786777496338
30.27889060974121,buy,27.25100154876709
38.90119171142578,sell,35.0110725402832
34.84714126586914,buy,31.36242713928223
