Adj Close,action,Stop_loss
35.34760284423828,buy,31.812842559814452
31.089223861694336,sell,27.980301475524904
33.25123596191406,buy,29.926112365722656
32.01970672607422,sell,28.8177360534668
32.81336212158203,buy,29.53202590942383
27.586210250854492,sell,24.827589225769042
31.549667358398438,buy,28.394700622558595
38.488914489746094,sell,34.64002304077149
34.01277542114258,buy,30.61149787902832
