Adj Close,action,Stop_loss
36.02326965332031,buy,32.42094268798828
31.683486938476562,sell,28.515138244628908
33.82175064086914,buy,30.43957557678223
32.63175582885742,sell,29.368580245971682
35.96931076049805,buy,32.37237968444824
25.389554977416992,sell,22.850599479675292
32.91224670410156,buy,29.621022033691407
38.83000183105469,sell,34.94700164794922
36.529998779296875,buy,32.87699890136719
