Adj Close,action,Stop_loss
31.969449996948242,buy,28.772504997253417
30.063053131103516,sell,27.056747817993166
32.420066833496094,buy,29.178060150146486
27.199058532714844,sell,24.47915267944336
30.934581756591797,buy,27.841123580932617
37.67496871948242,sell,33.90747184753418
33.43220520019531,buy,30.08898468017578
