Adj Close,action,Stop_loss
31.969453811645508,buy,28.772508430480958
30.063051223754883,sell,27.056746101379396
34.19894790649414,buy,30.77905311584473
25.349023818969727,sell,22.814121437072753
32.13982391357422,buy,28.925841522216796
36.88606643676758,sell,33.19745979309082
34.88494110107422,buy,31.396446990966798
