Adj Close,action,Stop_loss
35.34760284423828,buy,31.812842559814452
31.089223861694336,sell,27.980301475524904
33.397193908691406,buy,30.057474517822268
31.381139755249023,sell,28.24302577972412
32.81336212158203,buy,29.53202590942383
27.58620834350586,sell,24.827587509155276
31.549667358398438,buy,28.394700622558595
36.52569580078125,sell,32.87312622070313
35.161258697509766,buy,31.64513282775879
