Adj Close,action,Stop_loss
15.551324844360352,buy,13.996192359924317
14.99223518371582,sell,13.49301166534424
16.17922592163086,buy,14.561303329467775
15.17286205291748,sell,13.655575847625732
16.093210220336914,buy,14.483889198303222
15.953185081481934,sell,14.357866573333741
16.834142684936523,buy,15.150728416442872
16.161266326904297,sell,14.545139694213868
16.98563575744629,buy,15.28707218170166
