Adj Close,action,Stop_loss
15.551322937011719,buy,13.996190643310547
15.198667526245117,sell,13.678800773620607
16.17922592163086,buy,14.561303329467775
14.975029945373535,sell,13.477526950836182
16.144821166992188,buy,14.53033905029297
15.743847846984863,sell,14.169463062286377
17.008586883544922,buy,15.30772819519043
16.722923278808594,sell,15.050630950927735
17.157756805419922,buy,15.44198112487793
16.315269470214844,sell,14.68374252319336
16.858810424804688,buy,15.172929382324218
