Adj Close,action,Stop_loss
15.551324844360352,buy,13.996192359924317
15.1986665725708,sell,13.678799915313721
16.17922592163086,buy,14.561303329467775
14.975029945373535,sell,13.477526950836182
16.144821166992188,buy,14.53033905029297
15.927019119262695,sell,14.334317207336426
17.008586883544922,buy,15.30772819519043
16.315269470214844,sell,14.68374252319336
16.70480728149414,buy,15.034326553344727
