Adj Close,action,Stop_loss
11.949999809265137,buy,10.754999828338624
12.327500343322754,sell,11.094750308990479
12.802499771118164,buy,11.522249794006347
12.024999618530273,sell,10.822499656677246
13.005000114440918,buy,11.704500102996827
15.270000457763672,sell,13.743000411987305
16.739999771118164,buy,15.065999794006348
16.8700008392334,sell,15.18300075531006
17.139999389648438,buy,15.425999450683594
16.719999313354492,sell,15.047999382019043
15.25,buy,13.725
