Adj Close,action,Stop_loss
11.949999809265137,buy,10.754999828338624
12.447500228881836,sell,11.202750205993652
12.807499885559082,buy,11.526749897003175
12.327500343322754,sell,11.094750308990479
12.90250015258789,buy,11.612250137329102
12.024999618530273,sell,10.822499656677246
12.6875,buy,11.418750000000001
15.270000457763672,sell,13.743000411987305
16.6299991607666,buy,14.966999244689942
16.09000015258789,sell,14.481000137329103
15.25,buy,13.725
