Adj Close,action,Stop_loss
11.949999809265137,buy,10.754999828338624
12.217499732971191,sell,10.995749759674073
12.90250015258789,buy,11.612250137329102
12.024999618530273,sell,10.822499656677246
13.345000267028809,buy,12.010500240325928
15.270000457763672,sell,13.743000411987305
17.229999542236328,buy,15.506999588012695
16.450000762939453,sell,14.805000686645508
14.979999542236328,buy,13.481999588012696
