Adj Close,action,Stop_loss
11.949999809265137,buy,10.754999828338624
12.217499732971191,sell,10.995749759674073
12.90250015258789,buy,11.612250137329102
12.09749984741211,sell,10.8877498626709
13.345000267028809,buy,12.010500240325928
14.579999923706055,sell,13.12199993133545
16.6299991607666,buy,14.966999244689942
15.710000038146973,sell,14.139000034332275
15.050000190734863,buy,13.545000171661377
