Adj Close,action,Stop_loss
11.949999809265137,buy,10.754999828338624
12.327500343322754,sell,11.094750308990479
12.90250015258789,buy,11.612250137329102
12.024999618530273,sell,10.822499656677246
13.345000267028809,buy,12.010500240325928
14.670000076293945,sell,13.20300006866455
16.75,buy,15.075000000000001
16.3799991607666,sell,14.741999244689941
15.300000190734863,buy,13.770000171661378
