Adj Close,action,Stop_loss
47.91999816894531,buy,43.12799835205078
44.86000061035156,sell,40.374000549316406
46.25,buy,41.625
44.75,sell,40.275
45.91999816894531,buy,41.327998352050784
45.63999938964844,sell,41.0759994506836
46.0,buy,41.4
41.54999923706055,sell,37.3949993133545
45.04999923706055,buy,40.544999313354495
40.38999938964844,sell,36.350999450683595
43.79999923706055,buy,39.419999313354495
41.61000061035156,sell,37.44900054931641
44.2599983215332,buy,39.83399848937989
