Adj Close,action,Stop_loss
47.91999816894531,buy,43.12799835205078
45.22999954223633,sell,40.7069995880127
47.25,buy,42.525
44.04999923706055,sell,39.6449993133545
47.529998779296875,buy,42.776998901367186
44.47999954223633,sell,40.031999588012695
46.22999954223633,buy,41.6069995880127
39.810001373291016,sell,35.82900123596192
45.75,buy,41.175000000000004
