Adj Close,action,Stop_loss
23.373594284057617,buy,21.036234855651855
22.88255500793457,sell,20.594299507141113
21.85303497314453,buy,19.667731475830077
20.056230545043945,sell,18.05060749053955
24.08690071105957,buy,21.678210639953615
24.1299991607666,sell,21.71699924468994
25.049999237060547,buy,22.54499931335449
23.75,sell,21.375
25.459999084472656,buy,22.913999176025392
24.670000076293945,sell,22.20300006866455
24.0,buy,21.6
