Adj Close,action,Stop_loss
23.373594284057617,buy,21.036234855651855
22.88255500793457,sell,20.594299507141113
21.989009857177734,buy,19.79010887145996
20.056230545043945,sell,18.05060749053955
21.97929573059082,buy,19.78136615753174
23.489999771118164,sell,21.140999794006348
25.280000686645508,buy,22.752000617980958
24.239999771118164,sell,21.81599979400635
23.760000228881836,buy,21.384000205993654
