Adj Close,action,Stop_loss
5.912814140319824,buy,5.321532726287842
10.838541030883789,sell,9.75468692779541
11.787322998046875,buy,10.608590698242187
10.41923999786377,sell,9.377315998077393
11.949999809265137,buy,10.754999828338624
