Adj Close,action,Stop_loss
5.912814140319824,buy,5.321532726287842
11.167160034179688,sell,10.050444030761719
11.795365333557129,buy,10.615828800201417
11.12531852722168,sell,10.012786674499512
11.608877182006836,buy,10.447989463806152
10.41923999786377,sell,9.377315998077393
11.949999809265137,buy,10.754999828338624
