Adj Close,action,Stop_loss
5.912814617156982,buy,5.321533155441284
11.448200225830078,sell,10.303380203247071
12.109466552734375,buy,10.898519897460938
11.12531852722168,sell,10.012786674499512
11.608877182006836,buy,10.447989463806152
10.349843978881836,sell,9.314859580993653
11.949999809265137,buy,10.754999828338624
