Adj Close,action,Stop_loss
30.420454025268555,buy,27.3784086227417
30.82356071472168,sell,27.741204643249514
29.744112014770508,buy,26.769700813293458
29.127334594726562,sell,26.214601135253908
32.212039947509766,buy,28.99083595275879
32.66097640991211,sell,29.3948787689209
30.671083450317383,buy,27.603975105285645
