Adj Close,action,Stop_loss
30.420454025268555,buy,27.3784086227417
30.823562622070312,sell,27.74120635986328
30.501195907592773,buy,27.451076316833497
30.33938217163086,sell,27.305443954467773
31.58572006225586,buy,28.427148056030273
32.53461456298828,sell,29.281153106689455
30.928991317749023,buy,27.83609218597412
