Adj Close,action,Stop_loss
20.698814392089844,buy,18.62893295288086
19.188600540161133,sell,17.26974048614502
20.494491577148438,buy,18.445042419433594
