Adj Close,action,Stop_loss
20.69881248474121,buy,18.62893123626709
19.188600540161133,sell,17.26974048614502
20.867603302001953,buy,18.780842971801757
