Adj Close,action,Stop_loss
8.46010684967041,buy,7.614096164703369
8.495916366577148,sell,7.646324729919434
7.631052017211914,buy,6.867946815490723
6.445822715759277,sell,5.80124044418335
6.838993549346924,buy,6.155094194412231
6.480067253112793,sell,5.832060527801514
6.260000228881836,buy,5.634000205993653
4.71999979019165,sell,4.247999811172486
6.329999923706055,buy,5.69699993133545
