Adj Close,action,Stop_loss
8.213881492614746,buy,7.392493343353272
8.040040969848633,sell,7.23603687286377
7.249622344970703,buy,6.524660110473633
6.213962078094482,sell,5.592565870285035
6.536347389221191,buy,5.882712650299072
6.479836940765381,sell,5.831853246688843
5.679739475250244,buy,5.11176552772522
4.71999979019165,sell,4.247999811172486
6.070000171661377,buy,5.46300015449524
