Adj Close,action,Stop_loss
22.641061782836914,buy,20.376955604553224
20.605371475219727,sell,18.544834327697753
21.33172035217285,buy,19.198548316955566
20.806074142456055,sell,18.72546672821045
21.694894790649414,buy,19.525405311584475
20.414226531982422,sell,18.37280387878418
22.583715438842773,buy,20.325343894958497
20.794654846191406,sell,18.715189361572268
22.353036880493164,buy,20.117733192443847
22.304336547851562,sell,20.073902893066407
21.299999237060547,buy,19.16999931335449
