Adj Close,action,Stop_loss
17.0284423828125,buy,15.32559814453125
16.50825309753418,sell,14.857427787780763
17.437772750854492,buy,15.693995475769043
16.52312660217285,sell,14.870813941955566
17.616241455078125,buy,15.854617309570314
16.35953140258789,sell,14.723578262329102
19.046947479248047,buy,17.142252731323243
