Adj Close,action,Stop_loss
17.0284423828125,buy,15.32559814453125
16.50825309753418,sell,14.857427787780763
17.437772750854492,buy,15.693995475769043
16.52312660217285,sell,14.870813941955566
17.318796157836914,buy,15.586916542053222
17.24443244934082,sell,15.51998920440674
19.331344604492188,buy,17.39821014404297
20.07550811767578,sell,18.067957305908205
22.103418350219727,buy,19.893076515197755
21.647342681884766,sell,19.48260841369629
24.123186111450195,buy,21.710867500305177
