Adj Close,action,Stop_loss
17.602615356445312,buy,15.842353820800781
16.80443000793457,sell,15.123987007141114
18.128324508666992,buy,16.315492057800295
17.120359420776367,sell,15.408323478698732
18.000446319580078,buy,16.200401687622072
17.887615203857422,sell,16.09885368347168
19.94223976135254,buy,17.948015785217287
21.09136962890625,sell,18.982232666015626
22.679601669311523,buy,20.411641502380373
22.58085060119629,sell,20.32276554107666
23.642414093017578,buy,21.27817268371582
