Adj Close,action,Stop_loss
17.0284423828125,buy,15.32559814453125
16.50825309753418,sell,14.857427787780763
17.437774658203125,buy,15.693997192382813
16.52312469482422,sell,14.870812225341798
16.828006744384766,buy,15.145206069946289
18.144207000732422,sell,16.32978630065918
19.331344604492188,buy,17.39821014404297
20.303544998168945,sell,18.27319049835205
21.95682144165039,buy,19.761139297485354
21.54146957397461,sell,19.387322616577148
24.123186111450195,buy,21.710867500305177
