Adj Close,action,Stop_loss
17.60261344909668,buy,15.842352104187013
16.80443000793457,sell,15.123987007141114
18.128324508666992,buy,16.315492057800295
17.120359420776367,sell,15.408323478698732
17.436288833618164,buy,15.692659950256347
17.66195297241211,sell,15.895757675170898
19.055572509765625,buy,17.150015258789065
20.762203216552734,sell,18.68598289489746
23.03345489501953,buy,20.730109405517577
22.704288482666016,sell,20.433859634399415
24.103248596191406,buy,21.692923736572265
