Adj Close,action,Stop_loss
17.602615356445312,buy,15.842353820800781
16.80443000793457,sell,15.123987007141114
18.128324508666992,buy,16.315492057800295
17.120359420776367,sell,15.408323478698732
18.391597747802734,buy,16.55243797302246
15.77389907836914,sell,14.196509170532227
19.848907470703125,buy,17.864016723632812
