Adj Close,action,Stop_loss
17.60261344909668,buy,15.842352104187013
16.804428100585938,sell,15.123985290527344
18.128324508666992,buy,16.315492057800295
17.120359420776367,sell,15.408323478698732
18.20354652404785,buy,16.383191871643067
17.25575828552246,sell,15.530182456970214
20.175575256347656,buy,18.158017730712892
