Adj Close,action,Stop_loss
17.602615356445312,buy,15.842353820800781
16.80443000793457,sell,15.123987007141114
18.128324508666992,buy,16.315492057800295
17.120359420776367,sell,15.408323478698732
18.20354652404785,buy,16.383191871643067
16.66150665283203,sell,14.995355987548828
20.175573348999023,buy,18.158016014099122
