Adj Close,action,Stop_loss
17.028444290161133,buy,15.32559986114502
16.508255004882812,sell,14.857429504394531
17.437772750854492,buy,15.693995475769043
16.52312660217285,sell,14.870813941955566
17.712909698486328,buy,15.941618728637696
16.52312660217285,sell,14.870813941955566
20.215282440185547,buy,18.193754196166992
