Adj Close,action,Stop_loss
17.0284423828125,buy,15.32559814453125
16.508255004882812,sell,14.857429504394531
17.437772750854492,buy,15.693995475769043
16.52312469482422,sell,14.870812225341798
17.616241455078125,buy,15.854617309570314
16.538000106811523,sell,14.884200096130371
19.208362579345703,buy,17.287526321411132
20.531583786010742,sell,18.47842540740967
21.907958984375,buy,19.7171630859375
21.256420135498047,sell,19.130778121948243
23.105159759521484,buy,20.794643783569338
