Adj Close,action,Stop_loss
7.728000164031982,buy,6.955200147628784
7.797999858856201,sell,7.018199872970581
9.600000381469727,buy,8.640000343322754
17.899999618530273,sell,16.109999656677246
19.520000457763672,buy,17.568000411987306
21.610000610351562,sell,19.449000549316406
23.170000076293945,buy,20.853000068664553
