Adj Close,action,Stop_loss
7.728000164031982,buy,6.955200147628784
7.6579999923706055,sell,6.892199993133545
8.697999954223633,buy,7.82819995880127
7.918000221252441,sell,7.126200199127197
9.199999809265137,buy,8.279999828338623
18.200000762939453,sell,16.38000068664551
19.299999237060547,buy,17.369999313354494
21.459999084472656,sell,19.31399917602539
22.81999969482422,buy,20.5379997253418
23.549999237060547,sell,21.194999313354494
25.700000762939453,buy,23.13000068664551
