Adj Close,action,Stop_loss
7.728000164031982,buy,6.955200147628784
7.6579999923706055,sell,6.892199993133545
8.697999954223633,buy,7.82819995880127
7.800000190734863,sell,7.020000171661377
9.0600004196167,buy,8.154000377655029
18.3799991607666,sell,16.541999244689944
19.780000686645508,buy,17.80200061798096
20.290000915527344,sell,18.26100082397461
24.200000762939453,buy,21.780000686645508
