Adj Close,action,Stop_loss
7.728000164031982,buy,6.955200147628784
7.6579999923706055,sell,6.892199993133545
8.697999954223633,buy,7.82819995880127
7.800000190734863,sell,7.020000171661377
9.0600004196167,buy,8.154000377655029
17.950000762939453,sell,16.155000686645508
19.780000686645508,buy,17.80200061798096
20.149999618530273,sell,18.13499965667725
24.200000762939453,buy,21.780000686645508
23.350000381469727,sell,21.015000343322754
24.65999984741211,buy,22.1939998626709
