Adj Close,action,Stop_loss
22.625272750854492,buy,20.362745475769042
22.425491333007812,sell,20.182942199707032
23.734060287475586,buy,21.36065425872803
22.135807037353516,sell,19.922226333618166
20.717357635498047,buy,18.645621871948244
18.08024024963379,sell,16.272216224670412
20.137990951538086,buy,18.12419185638428
19.51866912841797,sell,17.56680221557617
21.67630958557129,buy,19.50867862701416
19.618558883666992,sell,17.656702995300293
18.389902114868164,buy,16.550911903381348
