Adj Close,action,Stop_loss
22.625272750854492,buy,20.362745475769042
22.425491333007812,sell,20.182942199707032
23.734060287475586,buy,21.36065425872803
22.135807037353516,sell,19.922226333618166
20.89716148376465,buy,18.807445335388184
18.08024024963379,sell,16.272216224670412
20.717357635498047,buy,18.645621871948244
19.578601837158203,sell,17.620741653442384
21.67630958557129,buy,19.50867862701416
19.528656005859375,sell,17.575790405273438
18.399890899658203,buy,16.559901809692384
