Adj Close,action,Stop_loss
60.80936813354492,buy,54.72843132019043
58.32270050048828,sell,52.490430450439455
42.590335845947266,buy,38.33130226135254
39.060001373291016,sell,35.154001235961914
41.88999938964844,buy,37.7009994506836
38.79999923706055,sell,34.919999313354495
38.279998779296875,buy,34.45199890136719
35.79999923706055,sell,32.21999931335449
38.630001068115234,buy,34.767000961303715
34.86000061035156,sell,31.374000549316406
39.709999084472656,buy,35.738999176025395
