Adj Close,action,Stop_loss
60.80936813354492,buy,54.72843132019043
58.32270050048828,sell,52.490430450439455
42.58042526245117,buy,38.32238273620606
38.79999923706055,sell,34.919999313354495
38.279998779296875,buy,34.45199890136719
35.72999954223633,sell,32.156999588012695
38.290000915527344,buy,34.46100082397461
35.11000061035156,sell,31.599000549316408
39.18000030517578,buy,35.262000274658206
