Adj Close,action,Stop_loss
59.57124710083008,buy,53.61412239074707
57.13520812988281,sell,51.421687316894534
40.16061019897461,buy,36.14454917907715
38.01000213623047,sell,34.20900192260742
37.383033752441406,buy,33.64473037719727
35.85479736328125,sell,32.269317626953125
37.51039123535156,buy,33.759352111816405
34.532283782958984,sell,31.079055404663087
38.382266998291016,buy,34.544040298461915
