Adj Close,action,Stop_loss
43.36063766479492,buy,39.02457389831543
42.38304138183594,sell,38.144737243652344
40.61979675292969,buy,36.55781707763672
37.4742546081543,sell,33.72682914733887
35.6855583190918,buy,32.11700248718262
33.39573287963867,sell,30.056159591674806
36.16999816894531,buy,32.552998352050786
