Adj Close,action,Stop_loss
43.36063766479492,buy,39.02457389831543
42.38304138183594,sell,38.144737243652344
39.735137939453125,buy,35.76162414550782
37.689247131347656,sell,33.92032241821289
35.873897552490234,buy,32.286507797241214
33.4453010559082,sell,30.100770950317383
36.16999816894531,buy,32.552998352050786
