Adj Close,action,Stop_loss
23.718345642089844,buy,21.34651107788086
23.84939193725586,sell,21.464452743530273
24.496728897094727,buy,22.047056007385255
27.926393508911133,sell,25.13375415802002
29.568073272705078,buy,26.61126594543457
35.18540573120117,sell,31.666865158081055
37.278289794921875,buy,33.55046081542969
36.587059020996094,sell,32.92835311889649
36.150001525878906,buy,32.53500137329102
