Adj Close,action,Stop_loss
24.73833465576172,buy,22.26450119018555
26.63841438293457,sell,23.974572944641114
27.467166900634766,buy,24.72045021057129
25.96752166748047,sell,23.370769500732422
27.485811233520508,buy,24.737230110168458
26.060033798217773,sell,23.454030418396
28.386825561523438,buy,25.548143005371095
27.901662826538086,sell,25.11149654388428
29.753190994262695,buy,26.777871894836426
34.50089645385742,sell,31.05080680847168
33.04999923706055,buy,29.744999313354494
