Adj Close,action,Stop_loss
24.73833465576172,buy,22.26450119018555
26.342432022094727,sell,23.708188819885255
28.05912971496582,buy,25.25321674346924
26.934396743774414,sell,24.240957069396973
28.436330795288086,buy,25.59269771575928
25.990724563598633,sell,23.39165210723877
27.72344207763672,buy,24.95109786987305
27.99077606201172,sell,25.19169845581055
30.268056869506836,buy,27.24125118255615
34.709930419921875,sell,31.238937377929688
31.81999969482422,buy,28.637999725341796
