Adj Close,action,Stop_loss
24.73833465576172,buy,22.26450119018555
25.96752166748047,sell,23.370769500732422
28.386825561523438,buy,25.548143005371095
27.5947265625,sell,24.83525390625
30.386871337890625,buy,27.348184204101564
33.21681594848633,sell,29.895134353637697
33.04999923706055,buy,29.744999313354494
