Adj Close,action,Stop_loss
43.53231430053711,buy,39.1790828704834
42.912906646728516,sell,38.621615982055665
40.60525894165039,buy,36.54473304748535
39.74394989013672,sell,35.76955490112305
41.92937469482422,buy,37.736437225341795
40.29618835449219,sell,36.26656951904297
40.89387130737305,buy,36.80448417663575
39.035057067871094,sell,35.131551361083986
40.82982635498047,buy,36.74684371948242
38.52294921875,sell,34.670654296875
40.445350646972656,buy,36.40081558227539
