Adj Close,action,Stop_loss
43.53231430053711,buy,39.1790828704834
42.91291046142578,sell,38.621619415283206
40.58757781982422,buy,36.5288200378418
39.32854080200195,sell,35.39568672180176
41.974525451660156,buy,37.77707290649414
40.37776184082031,sell,36.339985656738286
41.005393981933594,buy,36.90485458374024
39.029335021972656,sell,35.12640151977539
41.007999420166016,buy,36.907199478149415
39.78891372680664,sell,35.81002235412598
40.52048110961914,buy,36.46843299865723
