Adj Close,action,Stop_loss
43.53231430053711,buy,39.1790828704834
43.61954879760742,sell,39.257593917846684
41.05156707763672,buy,36.94641036987305
39.46538162231445,sell,35.51884346008301
41.19575881958008,buy,37.07618293762207
39.653648376464844,sell,35.68828353881836
41.04437255859375,buy,36.939935302734376
40.287132263183594,sell,36.258419036865234
41.005393981933594,buy,36.90485458374024
39.34817123413086,sell,35.413354110717776
40.49211120605469,buy,36.44290008544922
